"t","T_gas","T_rad"
0.,1.,0.
2.9296875e-8,0.9807790777031933,0.0028831383445209855
5.859375e-8,0.9621613813981447,0.005675792790278255
8.7890625e-8,0.9441219890186554,0.008381701647201647
1.171875e-7,0.9266372729009141,0.01100440906486284
1.46484375e-7,0.9096847728448987,0.013547284073265152
1.7578125e-7,0.8932431567956045,0.01601352648065929
2.05078125e-7,0.8772921475868639,0.018406177861970376
2.34375e-7,0.861812441250668,0.020728133812399775
2.63671875e-7,0.8467857711869353,0.02298213432195967
2.9296875e-7,0.8321946225927817,0.025170806611082727
3.22265625e-7,0.8180223955219075,0.02729664067171385
3.515625e-7,0.8042532333751002,0.029362014993734933
3.80859375e-7,0.7908720486663811,0.03136919270004281
4.1015625e-7,0.7778644620958819,0.03332033068561769
4.39453125e-7,0.7652167101669629,0.03521749347495553
4.6875e-7,0.7529157296373179,0.03706264055440229
4.98046875e-7,0.7409489512448966,0.03885765731326549
5.2734375e-7,0.7293044789797196,0.04060432815304202
5.56640625e-7,0.7179707930812275,0.04230438103781586
5.859375e-7,0.7069371033960248,0.043959434490596264
6.15234375e-7,0.6961928870824331,0.045571066937635005
6.4453125e-7,0.6857280977627854,0.04714078533558215
6.73828125e-7,0.6755333026316697,0.04867000460524952
7.03125e-7,0.6655991940968536,0.050160120885471934
7.32421875e-7,0.6559170875793029,0.05161243686310454
7.6171875e-7,0.6464785770974515,0.05302821343538224
7.91015625e-7,0.637275511723825,0.05440867324142621
8.203125e-7,0.6283002814426364,0.05575495778360451
8.49609375e-7,0.6195453767432643,0.05706819348851032
8.7890625e-7,0.611003710090905,0.05834944348636421
9.08203125e-7,0.6026684960931541,0.05959972558602685
9.375e-7,0.5945330800507851,0.06082003799238221
9.66796875e-7,0.5865912541932078,0.062011311871018805
9.9609375e-7,0.5788369195268284,0.06317446207097571
1.025390625e-6,0.5712642401686655,0.06431036397470015
1.0546875e-6,0.5638676847760441,0.06541984728359336
1.083984375e-6,0.5566417663251929,0.06650373505122102
1.11328125e-6,0.5495813708935791,0.0675627943659631
1.142578125e-6,0.542681607312783,0.0685977589030825
1.171875e-6,0.5359375871563352,0.06960936192654968
1.201171875e-6,0.5293446042230049,0.07059830936654923
1.23046875e-6,0.5228983455122302,0.07156524817316542
1.259765625e-6,0.5165945487387814,0.07251081768918274
1.2890625e-6,0.5104289669232739,0.07343565496150888
1.318359375e-6,0.5043976276127323,0.0743403558580901
1.34765625e-6,0.49849679407670605,0.07522548088849405
1.376953125e-6,0.4927227371071107,0.07609158943393335
1.40625e-6,0.48707178326924816,0.07693923250961272
1.435546875e-6,0.48154055882513297,0.07776891617623001
1.46484375e-6,0.4761257894974246,0.07858113157538626
1.494140625e-6,0.4708242020129078,0.07937636969806379
1.5234375e-6,0.46563264578818214,0.08015510313177263
1.552734375e-6,0.46054820920815875,0.08091776861877614
1.58203125e-6,0.4555680079733,0.08166479880400496
1.611328125e-6,0.45068916948076115,0.08239662457788578
1.640625e-6,0.4459090010765173,0.08311364983852236
1.669921875e-6,0.4412249503394466,0.08381625744908297
1.69921875e-6,0.43663446848683324,0.08450482972697497
1.728515625e-6,0.4321350468235877,0.0851797429764618
1.7578125e-6,0.427724369067327,0.08584134463990091
1.787109375e-6,0.4234001761663863,0.08648997357504201
1.81640625e-6,0.4191602089898087,0.08712596865152866
1.845703125e-6,0.4150022793729961,0.08774965809405055
1.875e-6,0.410924378005374,0.08836134329919386
1.904296875e-6,0.4069245216790071,0.0889613217481489
1.93359375e-6,0.40300072718595975,0.08954989092210601
1.962890625e-6,0.39915103864728757,0.09012734420290683
1.9921875e-6,0.3953736676390953,0.09069394985413567
2.021484375e-6,0.39166688802857796,0.09124996679571327
2.05078125e-6,0.3880289737352938,0.0917956539397059
2.080078125e-6,0.3844582013635071,0.0923312697954739
2.109375e-6,0.3809529420428033,0.09285705869357948
2.138671875e-6,0.3775116818021254,0.09337324772968116
2.16796875e-6,0.37413291335312626,0.09388006299703104
2.197265625e-6,0.3708151294074583,0.09437773058888123
2.2265625e-6,0.36755685160468893,0.09486647225929663
2.255859375e-6,0.36435672627406657,0.09534649105889
2.28515625e-6,0.36121343258419386,0.0958179851123709
2.314453125e-6,0.3581256496894571,0.09628115254658141
2.34375e-6,0.35509206064001203,0.09673619090399817
2.373046875e-6,0.3521114280299098,0.09718328579551351
2.40234375e-6,0.34918258771801663,0.09762261184229748
2.431640625e-6,0.3463043782000969,0.09805434326998544
2.4609375e-6,0.34347563797840425,0.09847865430323935
2.490234375e-6,0.34069523456392087,0.09889571481541184
2.51953125e-6,0.3379621259447483,0.09930568110828773
2.548828125e-6,0.33527528738514323,0.09970870689222851
2.578125e-6,0.33263369414936256,0.10010494587759561
2.607421875e-6,0.3300363266120569,0.10049455100819145
2.63671875e-6,0.3274822313715993,0.1008776652942601
2.666015625e-6,0.32497050068034206,0.10125442489794867
2.6953125e-6,0.3225002276512833,0.1016249658523075
2.724609375e-6,0.32007050551139243,0.10198942417329113
2.75390625e-6,0.3176804560712423,0.10234793158931364
2.783203125e-6,0.31532926567795333,0.10270061014830699
2.8125e-6,0.3130161293907757,0.10304758059138362
2.841796875e-6,0.3107402422689597,0.10338896365965604
2.87109375e-6,0.30850079184437984,0.10372488122334302
2.900390625e-6,0.30629701002742576,0.10405544849588613
2.9296875e-6,0.3041282077208617,0.10438076884187074
2.958984375e-6,0.30199369873800513,0.10470094518929922
2.98828125e-6,0.29989279689217363,0.10501608046617394
3.017578125e-6,0.29782481599668464,0.10532627760049729
3.046875e-6,0.2957890698648557,0.10563163952027163
3.076171875e-6,0.2937848723100043,0.10593226915349935
3.10546875e-6,0.29181155489388033,0.10622826676591793
3.134765625e-6,0.28986853304077886,0.10651972004388316
3.1640625e-6,0.2879552441453853,0.10680671337819218
3.193359375e-6,0.28607112548253594,0.1070893311776196
3.22265625e-6,0.284215614327067,0.10736765785093993
3.251953125e-6,0.2823881479538147,0.10764177780692778
3.28125e-6,0.2805881636376155,0.10791177545435766
3.310546875e-6,0.2788150986533056,0.10817773520200415
3.33984375e-6,0.27706841002393945,0.10843973849640907
3.369140625e-6,0.27534762057021983,0.10869785691446701
3.3984375e-6,0.2736522654189226,0.10895216018716158
3.427734375e-6,0.2719818796918748,0.10920271804621877
3.45703125e-6,0.2703359985109032,0.10944960022336452
3.486328125e-6,0.2687141569978346,0.1096928764503248
3.515625e-6,0.2671158902744959,0.1099326164588256
3.544921875e-6,0.2655407335086178,0.11016888997370732
3.57421875e-6,0.2639882432023252,0.11040176351965121
3.603515625e-6,0.26245802572430704,0.11063129614135393
3.6328125e-6,0.2609496940059348,0.11085754589910977
3.662109375e-6,0.25946286097858,0.11108057085321299
3.69140625e-6,0.25799713957361425,0.11130042906395785
3.720703125e-6,0.25655214272240906,0.11151717859163864
3.75e-6,0.25512748335633595,0.1117308774965496
3.779296875e-6,0.25372277468295695,0.11194158379755645
3.80859375e-6,0.2523376526551581,0.11214935210172627
3.837890625e-6,0.25097178985925356,0.11235423152111196
3.8671875e-6,0.24962486188111932,0.1125562707178321
3.896484375e-6,0.2482965443066313,0.1127555183540053
3.92578125e-6,0.2469865127216654,0.11295202309175018
3.955078125e-6,0.2456944427120977,0.11314583359318534
3.984375e-6,0.244420009863804,0.11333699852042939
4.013671875e-6,0.24316289046508255,0.1135255664302376
4.04296875e-6,0.24192278381488133,0.11371158242776779
4.072265625e-6,0.2406994151673678,0.11389508772489482
4.1015625e-6,0.239492510974507,0.11407612335382394
4.130859375e-6,0.23830179768826393,0.1142547303467604
4.16015625e-6,0.2371270017606037,0.11443094973590943
4.189453125e-6,0.23596784964349127,0.1146048225534763
4.21875e-6,0.2348240677888917,0.11477638983166623
4.248046875e-6,0.23369538392138786,0.11494569241179181
4.27734375e-6,0.2325815479191308,0.11511276781213037
4.306640625e-6,0.23148232742271874,0.11527765088659217
4.3359375e-6,0.2303974904652065,0.11544037643021901
4.365234375e-6,0.22932680507964906,0.11560097923805263
4.39453125e-6,0.2282700392991013,0.1157594941051348
4.423828125e-6,0.22722696115661808,0.11591595582650727
4.453125e-6,0.22619733868525435,0.11607039919721183
4.482421875e-6,0.2251809418471659,0.1162228587229251
4.51171875e-6,0.22417756109467193,0.1163733658357992
4.541015625e-6,0.2231869985904057,0.11652195021143913
4.5703125e-6,0.22220905657850853,0.1166686415132237
4.599609375e-6,0.22124353730312182,0.11681346940453172
4.62890625e-6,0.2202902430083868,0.11695646354874197
4.658203125e-6,0.21934897593844485,0.11709765360923326
4.6875e-6,0.21841953833743732,0.11723706924938439
4.716796875e-6,0.21750173509666904,0.11737473973549963
4.74609375e-6,0.21659538943142487,0.11751069158528625
4.775390625e-6,0.21570033188721363,0.11764495021691794
4.8046875e-6,0.21481639300152475,0.11777754104977127
4.833984375e-6,0.21394340331184752,0.11790848950322286
4.86328125e-6,0.21308119335567138,0.11803782099664928
4.892578125e-6,0.2122295936704857,0.11816556094942714
4.921875e-6,0.21138843479377972,0.11829173478093304
4.951171875e-6,0.21055754830500303,0.11841636775424953
4.98046875e-6,0.2097367815328585,0.11853948277007122
5.009765625e-6,0.20892599090123037,0.11866110136481543
5.0390625e-6,0.20812503288472944,0.11878124506729057
5.068359375e-6,0.20733376395796635,0.11889993540630503
5.09765625e-6,0.206552040595552,0.11901719391066719
5.126953125e-6,0.20577971927209698,0.11913304210918545
5.15625e-6,0.20501665646221215,0.11924750153066817
5.185546875e-6,0.20426270864050824,0.11936059370392375
5.21484375e-6,0.20351773239271426,0.11947234014109286
5.244140625e-6,0.2027815931112173,0.1195827610333174
5.2734375e-6,0.20205416961833672,0.11969187455724947
5.302734375e-6,0.2013353416600715,0.11979969875098927
5.33203125e-6,0.20062498898242045,0.11990625165263692
5.361328125e-6,0.1999229913313825,0.1200115513002926
5.390625e-6,0.19922922845295657,0.1201156157320565
5.419921875e-6,0.1985435800931415,0.12021846298602876
5.44921875e-6,0.19786592599793626,0.12032011110030955
5.478515625e-6,0.19719614591333967,0.12042057811299903
5.5078125e-6,0.19653412053242403,0.12051988192013638
5.537109375e-6,0.1958797417351697,0.12061803873972451
5.56640625e-6,0.1952329081036369,0.12071506378445444
5.595703125e-6,0.19459351825159912,0.1208109722622601
5.625e-6,0.19396147079283,0.12090577938107548
5.654296875e-6,0.19333666434110308,0.12099950034883451
5.68359375e-6,0.19271899751019192,0.1210921503734712
5.712890625e-6,0.1921083689138701,0.12118374466291947
5.7421875e-6,0.19150467716591116,0.12127429842511331
5.771484375e-6,0.19090782088008867,0.12136382686798668
5.80078125e-6,0.19031770140825194,0.12145234478876218
5.830078125e-6,0.18973423057430802,0.12153986541385378
5.859375e-6,0.1891573224059376,0.12162640163910934
5.888671875e-6,0.18858689092513786,0.1217119663612293
5.91796875e-6,0.18802285015390593,0.12179657247691408
5.947265625e-6,0.18746511411423902,0.12188023288286412
5.9765625e-6,0.18691359682813427,0.12196296047577984
6.005859375e-6,0.18636821231758882,0.12204476815236166
6.03515625e-6,0.18582887460459985,0.12212566880931
6.064453125e-6,0.1852954977992843,0.12220567533010733
6.09375e-6,0.18476800108628433,0.12228479983705733
6.123046875e-6,0.18424631071569042,0.12236305339264641
6.15234375e-6,0.18373035337641164,0.12244044699353823
6.181640625e-6,0.18322005575735703,0.12251699163639643
6.2109375e-6,0.1827153445474356,0.12259269831788464
6.240234375e-6,0.18221614643555645,0.1226675780346665
6.26953125e-6,0.1817223881106286,0.12274164178340569
6.298828125e-6,0.1812339962615611,0.12281490056076581
6.328125e-6,0.18075089757726295,0.12288736536341054
6.357421875e-6,0.18027301936351423,0.12295904709547285
6.38671875e-6,0.1798002952949168,0.12302995570576246
6.416015625e-6,0.17933266253264984,0.1231001006201025
6.4453125e-6,0.17887005824903826,0.12316949126264425
6.474609375e-6,0.1784124196164071,0.12323813705753892
6.50390625e-6,0.17795968380708133,0.12330604742893779
6.533203125e-6,0.1775117879933859,0.12337323180099209
6.5625e-6,0.17706866934764587,0.1234396995978531
6.591796875e-6,0.17663026504218618,0.12350546024367205
6.62109375e-6,0.17619651224933186,0.12357052316260021
6.650390625e-6,0.17576734985784273,0.12363489752132358
6.6796875e-6,0.17534272264230152,0.12369859160365476
6.708984375e-6,0.17492257650022563,0.12376161352496613
6.73828125e-6,0.17450685732824098,0.12382397140076384
6.767578125e-6,0.17409551102297333,0.12388567334655398
6.796875e-6,0.1736884834810486,0.12394672747784269
6.826171875e-6,0.1732857205990926,0.12400714191013609
6.85546875e-6,0.17288716827373124,0.1240669247589403
6.884765625e-6,0.1724927724015903,0.12412608413976144
6.9140625e-6,0.17210247894980768,0.12418462815752883
6.943359375e-6,0.1717162369774048,0.12424256445338927
6.97265625e-6,0.1713339994685254,0.12429990007972118
7.001953125e-6,0.1709557196239249,0.12435664205641125
7.03125e-6,0.17058135064435856,0.1244127974033462
7.060546875e-6,0.17021084573058182,0.12446837314041272
7.08984375e-6,0.16984415808334996,0.12452337628749749
7.119140625e-6,0.16948124090341835,0.12457781386448724
7.1484375e-6,0.16912204739154232,0.12463169289126864
7.177734375e-6,0.16876653074847728,0.1246850203877284
7.20703125e-6,0.1684146445956527,0.12473780331065208
7.236328125e-6,0.1680663463719444,0.12479004804420832
7.265625e-6,0.1677215954211275,0.12484176068683087
7.294921875e-6,0.16738035109039867,0.12489294733644019
7.32421875e-6,0.16704257272695458,0.12494361409095679
7.353515625e-6,0.16670821967799193,0.12499376704830119
7.3828125e-6,0.16637725129070738,0.12504341230639388
7.412109375e-6,0.16604962691229763,0.12509255596315533
7.44140625e-6,0.16572530588995932,0.1251412041165061
7.470703125e-6,0.16540424757088917,0.1251893628643666
7.5e-6,0.16508641123487927,0.1252370383147681
7.529296875e-6,0.16477176009104227,0.12528423598634364
7.55859375e-6,0.16446025939724626,0.12533096109041303
7.587890625e-6,0.1641518744113667,0.12537721883829497
7.6171875e-6,0.16384657039127903,0.12542301444130813
7.646484375e-6,0.16354431259485874,0.12546835311077117
7.67578125e-6,0.16324506627998128,0.1255132400580028
7.705078125e-6,0.16294879670452214,0.12555768049432164
7.734375e-6,0.16265546912635673,0.12560167963104646
7.763671875e-6,0.16236504880336053,0.1256452426794959
7.79296875e-6,0.16207750099340906,0.12568837485098863
7.822265625e-6,0.16179279095437768,0.12573108135684333
7.8515625e-6,0.1615108840720179,0.12577336738919728
7.880859375e-6,0.16123174860291303,0.12581523770956302
7.91015625e-6,0.16095535527188642,0.125856696709217
7.939453125e-6,0.16068167483799498,0.12589774877430074
7.96875e-6,0.1604106780602956,0.12593839829095563
7.998046875e-6,0.16014233569784528,0.12597864964532318
8.02734375e-6,0.15987661850970086,0.12601850722354485
8.056640625e-6,0.15961349725491933,0.12605797541176206
8.0859375e-6,0.1593529426925576,0.12609705859611633
8.115234375e-6,0.15909492558167254,0.12613576116274908
8.14453125e-6,0.15883941668132115,0.1261740874978018
8.173828125e-6,0.15858638675056028,0.12621204198741592
8.203125e-6,0.15833580654844692,0.12624962901773293
8.232421875e-6,0.15808764743173706,0.12628685288523941
8.26171875e-6,0.15784188382980782,0.12632371742552878
8.291015625e-6,0.157598490997626,0.12636022635035607
8.3203125e-6,0.15735744418103786,0.12639638337284428
8.349609375e-6,0.1571187186258897,0.1264321922061165
8.37890625e-6,0.1568822895780278,0.12646765656329578
8.408203125e-6,0.15664813228329844,0.12650278015750518
8.4375e-6,0.1564162219875479,0.12653756670186778
8.466796875e-6,0.15618653393662246,0.1265720199095066
8.49609375e-6,0.1559590433763684,0.12660614349354468
8.525390625e-6,0.155733725552632,0.12663994116710514
8.5546875e-6,0.15551055571125955,0.12667341664331103
8.583984375e-6,0.15528950911232733,0.12670657363315085
8.61328125e-6,0.15507056239631625,0.12673941564055252
8.642578125e-6,0.15485369435618937,0.12677194584657156
8.671875e-6,0.1546388839228362,0.12680416741157452
8.701171875e-6,0.15442611002714637,0.126836083495928
8.73046875e-6,0.15421535160000938,0.12686769725999855
8.759765625e-6,0.1540065875723148,0.12689901186415273
8.7890625e-6,0.15379979687495227,0.12693003046875712
8.818359375e-6,0.15359495843881124,0.12696075623417827
8.84765625e-6,0.1533920511947813,0.12699119232078276
8.876953125e-6,0.15319105407375205,0.12702134188893716
8.90625e-6,0.15299194600661306,0.127051208099008
8.935546875e-6,0.15279470592425384,0.1270807941113619
8.96484375e-6,0.15259931293844356,0.12711010305923343
8.994140625e-6,0.15240574804229762,0.12713913779365532
9.0234375e-6,0.15221399321772722,0.12716790101734088
9.052734375e-6,0.15202403044276658,0.127196395433585
9.08203125e-6,0.15183584169544992,0.1272246237456825
9.111328125e-6,0.1516494089538114,0.12725258865692826
9.140625e-6,0.1514647141958853,0.12728029287061718
9.169921875e-6,0.15128173939970577,0.12730773909004411
9.19921875e-6,0.15110046654330705,0.1273349300185039
9.228515625e-6,0.15092087760472334,0.12736186835929147
9.2578125e-6,0.15074295456198886,0.12738855681570166
9.287109375e-6,0.15056667939313778,0.1274149980910293
9.31640625e-6,0.15039203407620433,0.12744119488856934
9.345703125e-6,0.15021900116928502,0.12746714982460722
9.375e-6,0.15004756493457938,0.12749286525981307
9.404296875e-6,0.14987770988624588,0.1275183435170631
9.43359375e-6,0.1497094205383761,0.12754358691924356
9.462890625e-6,0.1495426814050615,0.12756859778924076
9.4921875e-6,0.1493774770003936,0.12759337844994093
9.521484375e-6,0.1492137918384639,0.1276179312242304
9.55078125e-6,0.14905161043336387,0.1276422584349954
9.580078125e-6,0.14889091729918508,0.12766636240512222
9.609375e-6,0.14873169695001898,0.12769024545749713
9.638671875e-6,0.14857393389995707,0.12771390991500642
9.66796875e-6,0.14841761266309086,0.12773735810053635
9.697265625e-6,0.14826271779432657,0.127760592330851
9.7265625e-6,0.14810923490010605,0.12778361476498407
9.755859375e-6,0.1479571505909049,0.12780642741136425
9.78515625e-6,0.14780645150323599,0.1278290322745146
9.814453125e-6,0.14765712427361227,0.12785143135895813
9.84375e-6,0.14750915553854663,0.12787362666921798
9.873046875e-6,0.14736253193455198,0.12789562020981718
9.90234375e-6,0.1472172400981412,0.1279174139852788
9.931640625e-6,0.1470732666658272,0.1279390100001259
9.9609375e-6,0.1469305982741229,0.12796041025888155
9.990234375e-6,0.1467892215595412,0.1279816167660688
0.00001001953125,0.146649123158595,0.12800263152621072
0.000010048828125,0.1465102897077972,0.1280234565438304
0.000010078125,0.14637270805695662,0.12804409379145648
0.000010107421875,0.14623636626034173,0.12806454506094872
0.00001013671875,0.1461012527442215,0.12808481208836675
0.000010166015625,0.1459673559318949,0.12810489661021573
0.0000101953125,0.14583466424666094,0.12812480036300083
0.000010224609375,0.14570316611181863,0.12814452508322718
0.00001025390625,0.14557284995066694,0.12816407250739995
0.000010283203125,0.1454437041865049,0.12818344437202425
0.0000103125,0.14531571724263145,0.12820264241360527
0.000010341796875,0.14518887754234563,0.12822166836864815
0.00001037109375,0.1450631735089464,0.128240523973658
0.000010400390625,0.1449385935657328,0.12825921096514006
0.0000104296875,0.14481512614026212,0.12827773107896065
0.000010458984375,0.14469276018860042,0.1282960859717099
0.00001048828125,0.14457148557293079,0.12831427716406035
0.000010517578125,0.1444512922282434,0.12833230616576347
0.000010546875,0.14433217008952848,0.1283501744865707
0.000010576171875,0.1442141090917762,0.12836788363623355
0.00001060546875,0.14409709916997682,0.12838543512450346
0.000010634765625,0.14398113025912046,0.1284028304611319
0.0000106640625,0.14386619229419736,0.12842007115587037
0.000010693359375,0.14375227521019773,0.1284371587184703
0.00001072265625,0.14363936894211174,0.1284540946586832
0.000010751953125,0.1435274634249296,0.12847088048626054
0.00001078125,0.14341654859364153,0.12848751771095374
0.000010810546875,0.14330661426350014,0.12850400786047494
0.00001083984375,0.14319765043831814,0.12852035243425225
0.000010869140625,0.14308964845824862,0.1285365527312627
0.0000108984375,0.1429825997805162,0.12855261003292254
0.000010927734375,0.14287649586234558,0.12856852562064813
0.00001095703125,0.14277132816096139,0.12858430077585575
0.000010986328125,0.14266708813358833,0.12859993677996173
0.000011015625,0.14256376723745104,0.12861543491438232
0.000011044921875,0.1424613569297742,0.12863079646053385
0.00001107421875,0.14235984866778245,0.1286460226998326
0.000011103515625,0.14225923390870046,0.12866111491369492
0.0000111328125,0.1421595041097529,0.12867607438353704
0.000011162109375,0.14206065072816443,0.12869090239077532
0.00001119140625,0.14196266522115972,0.12870560021682603
0.000011220703125,0.14186553904596338,0.12872016914310547
0.00001125,0.14176926365980017,0.12873461045102996
0.000011279296875,0.14167383051989466,0.1287489254220158
0.00001130859375,0.14157923108347156,0.12876311533747925
0.000011337890625,0.1414854570268202,0.12877718144597697
0.0000113671875,0.14139250106371823,0.12879112484044225
0.000011396484375,0.1413003561148645,0.1288049465827703
0.00001142578125,0.1412090150948731,0.128818647735769
0.000011455078125,0.1411184709183581,0.12883222936224628
0.000011484375,0.14102871649993362,0.12884569252500994
0.000011513671875,0.14093974475421367,0.12885903828686793
0.00001154296875,0.1408515485958124,0.12887226771062812
0.000011572265625,0.14076412093934387,0.1288853818590984
0.0000116015625,0.14067745469942214,0.12889838179508667
0.000011630859375,0.14059154279066127,0.12891126858140078
0.00001166015625,0.1405063781276754,0.12892404328084867
0.000011689453125,0.14042195362507862,0.12893670695623818
0.00001171875,0.14033826219748494,0.12894926067037724
0.000011748046875,0.14025529675950846,0.12896170548607372
0.00001177734375,0.1401730502257633,0.1289740424661355
0.000011806640625,0.1400915155108635,0.12898627267337046
0.0000118359375,0.14001068552942317,0.1289983971705865
0.000011865234375,0.13993055351807349,0.12901041697228896
0.00001189453125,0.1398511135058189,0.12902233297412716
0.000011923828125,0.13977235958324263,0.1290341460625136
0.000011953125,0.13969428584089374,0.12904585712386593
0.000011982421875,0.13961688636932135,0.1290574670446018
0.00001201171875,0.13954015525907454,0.12906897671113882
0.000012041015625,0.13946408660070247,0.12908038700989463
0.0000120703125,0.13938867448475425,0.12909169882728685
0.000012099609375,0.13931391300177898,0.12910291304973315
0.00001212890625,0.13923979624232577,0.12911403056365114
0.000012158203125,0.13916631829694376,0.12912505225545845
0.0000121875,0.13909347325618202,0.1291359790115727
0.000012216796875,0.13902125521058972,0.12914681171841155
0.00001224609375,0.13894965825071595,0.12915755126239262
0.000012275390625,0.13887867646710983,0.12916819852993355
0.0000123046875,0.13880830395032046,0.12917875440745194
0.000012333984375,0.13873853479089696,0.12918921978136547
0.00001236328125,0.1386693630849315,0.1291995955372603
0.000012392578125,0.13860078334599135,0.1292098824981013
0.000012421875,0.13853279061608756,0.1292200814075869
0.000012451171875,0.13846537994393476,0.1292301930084098
0.00001248046875,0.13839854637824758,0.12924021804326288
0.000012509765625,0.13833228496774072,0.1292501572548389
0.0000125390625,0.13826659076112882,0.12926001138583068
0.000012568359375,0.1382014588071265,0.12926978117893104
0.00001259765625,0.13813688415444844,0.12927946737683274
0.000012626953125,0.13807286185180925,0.12928907072222862
0.00001265625,0.1380093869479236,0.12929859195781146
0.000012685546875,0.13794645449150617,0.12930803182627407
0.00001271484375,0.13788405953127159,0.12931739107030926
0.000012744140625,0.13782219711593446,0.12932667043260984
0.0000127734375,0.1377608622942095,0.12933587065586857
0.000012802734375,0.13770005011481135,0.1293449924827783
0.00001283203125,0.1376397556264546,0.12935403665603182
0.000012861328125,0.13757997387785398,0.1293630039183219
0.000012890625,0.13752069994190083,0.12937189500871488
0.000012919921875,0.1374619293471046,0.1293807105979343
0.00001294921875,0.13740365793539353,0.12938945130969096
0.000012978515625,0.13734588154177313,0.12939811776873403
0.0000130078125,0.13728859600124896,0.12940671059981265
0.000013037109375,0.1372317971488266,0.129415230427676
0.00001306640625,0.13717548081951164,0.12942367787707326
0.000013095703125,0.1371196428483096,0.12943205357275356
0.000013125,0.13706427907022606,0.12944035813946608
0.000013154296875,0.13700938532026657,0.12944859220196
0.00001318359375,0.13695495743343672,0.1294567563849845
0.000013212890625,0.13690099124474203,0.1294648513132887
0.0000132421875,0.13684748258918814,0.12947287761162177
0.000013271484375,0.1367944273017805,0.12948083590473292
0.00001330078125,0.1367418212175248,0.12948872681737128
0.000013330078125,0.1366896601714265,0.129496550974286
0.000013359375,0.1366379399984912,0.1295043090002263
0.000013388671875,0.13658665653372448,0.12951200151994133
0.00001341796875,0.13653580566566353,0.12951962915015047
0.000013447265625,0.13648538372214217,0.12952719244167865
0.0000134765625,0.13643538719241288,0.12953469192113806
0.000013505859375,0.13638581256023366,0.12954212811596494
0.00001353515625,0.13633665630936237,0.12954950155359563
0.000013564453125,0.13628791492355694,0.12955681276146644
0.00001359375,0.13623958488657534,0.1295640622670137
0.000013623046875,0.13619166268217545,0.1295712505976737
0.00001365234375,0.1361441447941152,0.1295783782808827
0.000013681640625,0.13609702770615256,0.1295854458440771
0.0000137109375,0.13605030790204542,0.12959245381469317
0.000013740234375,0.13600398186555174,0.12959940272016723
0.00001376953125,0.13595804608042938,0.1296062930879356
0.000013798828125,0.13591249703043634,0.12961312544543455
0.000013828125,0.13586733119933048,0.12961990032010043
0.000013857421875,0.1358225450708698,0.12962661823936952
0.00001388671875,0.13577813512881215,0.12963327973067817
0.000013916015625,0.1357340978569155,0.12963988532146267
0.0000139453125,0.13569042982979343,0.12964643552553098
0.000013974609375,0.13564712800397696,0.12965293079940346
0.00001400390625,0.13560418940302524,0.1296593715895462
0.000014033203125,0.1355616110489661,0.1296657583426551
0.0000140625,0.13551938996382742,0.12967209150542588
0.000014091796875,0.13547752316963704,0.12967837152455444
0.00001412109375,0.1354360076884228,0.12968459884673658
0.000014150390625,0.1353948405422125,0.12969077391866812
0.0000141796875,0.1353540187530341,0.12969689718704489
0.000014208984375,0.13531353934291537,0.1297029690985627
0.00001423828125,0.13527339933388416,0.12970899009991738
0.000014267578125,0.13523359574796834,0.12971496063780474
0.000014296875,0.13519412560719574,0.12972088115892064
0.000014326171875,0.13515498593359423,0.12972675210996085
0.00001435546875,0.13511617374919166,0.12973257393762125
0.000014384765625,0.13507768607601583,0.1297383470885976
0.0000144140625,0.13503951993609464,0.1297440720095858
0.000014443359375,0.1350016723514918,0.12974974914727622
0.00001447265625,0.13496414047787259,0.1297553789283191
0.000014501953125,0.1349269217646045,0.12976096173530932
0.00001453125,0.13489001368247194,0.1297664979476292
0.000014560546875,0.13485341370225937,0.12977198794466108
0.00001458984375,0.13481711929475115,0.12977743210578732
0.000014619140625,0.13478112793073174,0.12978283081039024
0.0000146484375,0.13474543708098558,0.12978818443785217
0.000014677734375,0.13471004421629704,0.12979349336755544
0.00001470703125,0.13467494680745057,0.1297987579788824
0.000014736328125,0.1346401423252306,0.1298039786512154
0.000014765625,0.13460562824042158,0.12980915576393676
0.000014794921875,0.13457140202380788,0.12981428969642883
0.00001482421875,0.13453746114617393,0.1298193808280739
0.000014853515625,0.13450380307830417,0.12982442953825438
0.0000148828125,0.13447042529098302,0.12982943620635254
0.000014912109375,0.13443732525499488,0.12983440121175077
0.00001494140625,0.1344045004411242,0.12983932493383138
0.000014970703125,0.13437194831516594,0.12984420775272512
0.000015,0.13433966633146577,0.12984905005028013
0.000015029296875,0.13430765228692856,0.12985385215696071
0.00001505859375,0.13427590407259457,0.1298586143891108
0.000015087890625,0.13424441957950414,0.12986333706307437
0.0000151171875,0.13421319669869758,0.12986802049519536
0.000015146484375,0.13418223332121515,0.12987266500181774
0.00001517578125,0.13415152733809718,0.1298772708992854
0.000015205078125,0.134121076640384,0.12988183850394242
0.000015234375,0.13409087911911585,0.1298863681321326
0.000015263671875,0.1340609326653331,0.12989086010020004
0.00001529296875,0.134031235170076,0.1298953147244886
0.000015322265625,0.13400178452438488,0.12989973232134228
0.0000153515625,0.13397257861930006,0.129904113207105
0.000015380859375,0.1339436153458618,0.12990845769812073
0.00001541015625,0.13391489259511044,0.12991276611073344
0.000015439453125,0.13388640825808626,0.12991703876128705
0.00001546875,0.13385816022582958,0.12992127596612557
0.000015498046875,0.13383014638938068,0.12992547804159288
0.00001552734375,0.1338023646397799,0.129929645304033
0.000015556640625,0.13377481286806753,0.12993377806978987
0.0000155859375,0.13374748896528385,0.12993787665520742
0.000015615234375,0.13372039082246917,0.12994194137662962
0.00001564453125,0.13369351637549004,0.12994597254367649
0.000015673828125,0.13366686384808296,0.12994997042278755
0.000015703125,0.1336404315214691,0.12995393527177962
0.000015732421875,0.13361421767084716,0.12995786734937292
0.00001576171875,0.13358822057141587,0.12996176691428762
0.000015791015625,0.1335624384983739,0.1299656342252439
0.0000158203125,0.13353686972691997,0.129969469540962
0.000015849609375,0.1335115125322528,0.12997327312016208
0.00001587890625,0.13348636518957105,0.12997704522156434
0.000015908203125,0.13346142597407343,0.129980786103889
0.0000159375,0.13343669316095866,0.1299844960258562
0.000015966796875,0.13341216502542544,0.1299881752461862
0.00001599609375,0.1333878398426725,0.12999182402359913
0.000016025390625,0.13336371588789847,0.12999544261681523
0.0000160546875,0.13333979143630212,0.12999903128455467
0.000016083984375,0.1333160647630821,0.13000259028553768
0.00001611328125,0.13329253414343717,0.13000611987848443
0.000016142578125,0.13326919785256597,0.1300096203221151
0.000016171875,0.13324605416566726,0.13001309187514992
0.000016201171875,0.1332231013579397,0.13001653479630904
0.00001623046875,0.133200337704582,0.1300199493443127
0.000016259765625,0.13317776148079288,0.13002333577788108
0.0000162890625,0.13315537096186877,0.13002669435571967
0.000016318359375,0.13313316453931154,0.13003002531910327
0.00001634765625,0.13311114080199055,0.13003332887970143
0.000016376953125,0.13308929833499475,0.1300366052497508
0.00001640625,0.13306763572341312,0.13003985464148804
0.000016435546875,0.13304615155233462,0.1300430772671498
0.00001646484375,0.13302484440684828,0.13004627333897276
0.000016494140625,0.13300371287204302,0.13004944306919355
0.0000165234375,0.1329827555330078,0.13005258667004882
0.000016552734375,0.13296197097483164,0.13005570435377525
0.00001658203125,0.1329413577826035,0.13005879633260947
0.000016611328125,0.13292091454141233,0.13006186281878815
0.000016640625,0.13290063983634712,0.13006490402454793
0.000016669921875,0.13288053225249682,0.13006792016212546
0.00001669921875,0.13286059037495046,0.13007091144375743
0.000016728515625,0.13284081278879695,0.13007387808168044
0.0000167578125,0.1328211980791253,0.1300768202881312
0.000016787109375,0.13280174483102444,0.1300797382753463
0.00001681640625,0.13278245162958338,0.13008263225556246
0.000016845703125,0.1327633170598911,0.13008550244101633
0.000016875,0.13274433970703656,0.1300883490439445
0.000016904296875,0.13272551815610872,0.13009117227658368
0.00001693359375,0.13270685099219656,0.13009397235117048
0.000016962890625,0.1326883368125255,0.13009674947812117
0.0000169921875,0.13266997438111255,0.1300995038428331
0.000017021484375,0.13265176254040695,0.13010223561893894
0.00001705078125,0.13263370012694017,0.13010494498095895
0.000017080078125,0.13261578597724372,0.13010763210341342
0.000017109375,0.13259801892784906,0.13011029716082262
0.000017138671875,0.13258039781528771,0.13011294032770682
0.00001716796875,0.13256292147609114,0.1301155617785863
0.000017197265625,0.13254558874679082,0.13011816168798135
0.0000172265625,0.13252839846391828,0.13012074023041223
0.000017255859375,0.132511349464005,0.13012329758039923
0.00001728515625,0.13249444058358245,0.1301258339124626
0.000017314453125,0.13247767065918215,0.13012834940112264
0.00001734375,0.13246103852733554,0.13013084422089963
0.000017373046875,0.13244454302457417,0.13013331854631383
0.00001740234375,0.13242818298742948,0.13013577255188552
0.000017431640625,0.132411957252433,0.130138206412135
0.0000174609375,0.13239586465611616,0.13014062030158252
0.000017490234375,0.13237990403501051,0.13014301439474837
0.00001751953125,0.13236407422564753,0.13014538886615282
0.000017548828125,0.13234837406455865,0.13014774389031616
0.000017578125,0.13233280238827544,0.13015007964175862
0.000017607421875,0.13231735803332936,0.13015239629500056
0.00001763671875,0.13230203988124214,0.13015469401781363
0.000017666015625,0.13228684696371282,0.13015697295544304
0.0000176953125,0.13227177832283607,0.13015923325157455
0.000017724609375,0.13225683300006358,0.13016147504999043
0.00001775390625,0.132242010036847,0.1301636984944729
0.000017783203125,0.13222730847463804,0.13016590372880424
0.0000178125,0.13221272735488834,0.1301680908967667
0.000017841796875,0.13219826571904958,0.1301702601421425
0.00001787109375,0.13218392260857345,0.13017241160871393
0.000017900390625,0.13216969706491158,0.13017454544026322
0.0000179296875,0.13215558812951564,0.1301766617805726
0.000017958984375,0.13214159484383733,0.13017876077342436
0.00001798828125,0.1321277162493283,0.1301808425626007
0.000018017578125,0.13211395138744023,0.13018290729188392
0.000018046875,0.13210029929962475,0.13018495510505623
0.000018076171875,0.13208675902733358,0.1301869861458999
0.00001810546875,0.13207332961201837,0.13018900055819718
0.000018134765625,0.1320600100951308,0.13019099848573032
0.0000181640625,0.1320467995181225,0.13019298007228158
0.000018193359375,0.1320336969224452,0.13019494546163318
0.00001822265625,0.13202070134955052,0.13019689479756738
0.000018251953125,0.13200781184089014,0.13019882822386644
0.00001828125,0.13199502744006553,0.13020074588399014
0.000018310546875,0.13198234727866073,0.13020264790820085
0.00001833984375,0.13196977056867376,0.1302045344146989
0.000018369140625,0.1319572965188825,0.13020640552216758
0.0000183984375,0.13194492433806482,0.13020826134929023
0.000018427734375,0.13193265323499861,0.13021010201475017
0.00001845703125,0.13192048241846174,0.1302119276372307
0.000018486328125,0.13190841109723211,0.13021373833541514
0.000018515625,0.1318964384800876,0.13021553422798682
0.000018544921875,0.1318845637758061,0.13021731543362905
0.00001857421875,0.13187278619316545,0.13021908207102514
0.000018603515625,0.13186110494094355,0.13022083425885841
0.0000186328125,0.13184951922791832,0.1302225721158122
0.000018662109375,0.1318380282628676,0.13022429576056982
0.00001869140625,0.1318266312545693,0.13022600531181455
0.000018720703125,0.1318153274118013,0.13022770088822977
0.00001875,0.13180411594334143,0.13022938260849876
0.000018779296875,0.13179299605796765,0.13023105059130483
0.00001880859375,0.1317819669644578,0.1302327049553313
0.000018837890625,0.13177102787158976,0.1302343458192615
0.0000188671875,0.1317601779881414,0.13023597330177875
0.000018896484375,0.13174941652289066,0.13023758752156636
0.00001892578125,0.13173874268461538,0.13023918859730765
0.000018955078125,0.1317281556978693,0.13024077664531958
0.000018984375,0.13171765488734127,0.13024235176689877
0.000019013671875,0.13170723960071454,0.13024391405989277
0.00001904296875,0.13169690918405016,0.13024546362239245
0.000019072265625,0.13168666298340925,0.13024700055248858
0.0000191015625,0.13167650034485284,0.13024852494827205
0.000019130859375,0.13166642061444203,0.13025003690783366
0.00001916015625,0.13165642313823786,0.13025153652926427
0.000019189453125,0.13164650726230145,0.13025302391065474
0.00001921875,0.1316366723326938,0.1302544991500959
0.000019248046875,0.13162691769547605,0.13025596234567854
0.00001927734375,0.13161724269670924,0.1302574135954936
0.000019306640625,0.13160764668245442,0.1302588529976318
0.0000193359375,0.13159812899877268,0.13026028065018405
0.000019365234375,0.1315886889917251,0.13026169665124118
0.00001939453125,0.13157932600737274,0.13026310109889405
0.000019423828125,0.13157003939177667,0.13026449409123345
0.000019453125,0.13156082849099798,0.13026587572635026
0.000019482421875,0.1315516926510977,0.1302672461023353
0.00001951171875,0.13154263121813695,0.13026860531727943
0.000019541015625,0.13153364353817673,0.13026995346927345
0.0000195703125,0.13152472895727818,0.13027129065640825
0.000019599609375,0.1315158868215686,0.13027261697676468
0.00001962890625,0.13150711651871347,0.13027393252219294
0.000019658203125,0.13149841750722618,0.13027523737391603
0.0000196875,0.13148978924596952,0.13027653161310454
0.000019716796875,0.13148123119380625,0.13027781532092902
0.00001974609375,0.1314727428095991,0.1302790885785601
0.000019775390625,0.13146432355221094,0.13028035146716832
0.0000198046875,0.13145597288050445,0.1302816040679243
0.000019833984375,0.13144769025334246,0.13028284646199859
0.00001986328125,0.13143947512958773,0.1302840787305618
0.000019892578125,0.131431326968103,0.13028530095478452
0.000019921875,0.13142324522775106,0.1302865132158373
0.000019951171875,0.13141522936739472,0.13028771559489075
0.00001998046875,0.1314072788458967,0.13028890817311545
0.000020009765625,0.13139939312211982,0.130290091031682
0.0000200390625,0.13139157165492682,0.13029126425176094
0.000020068359375,0.1313838139031805,0.1302924279145229
0.00002009765625,0.13137611932574358,0.13029358210113842
0.000020126953125,0.13136848738147888,0.13029472689277813
0.00002015625,0.13136091752924917,0.13029586237061258
0.000020185546875,0.1313534092279172,0.13029698861581238
0.00002021484375,0.13134596193634576,0.13029810570954808
0.000020244140625,0.1313385751133976,0.1302992137329903
0.0000202734375,0.13133124821096953,0.13030031276835452
0.000020302734375,0.13132398067708187,0.13030140289843767
0.00002033203125,0.13131677206176257,0.13030248419073556
0.000020361328125,0.13130962192942494,0.13030355671058622
0.000020390625,0.13130252984448226,0.1303046205233276
0.000020419921875,0.13129549537134785,0.1303056756942978
0.00002044921875,0.13128851807443498,0.13030672228883472
0.000020478515625,0.131281597518157,0.1303077603722764
0.0000205078125,0.13127473326692715,0.1303087900099609
0.000020537109375,0.13126792488515873,0.13030981126722616
0.00002056640625,0.13126117193726508,0.1303108242094102
0.000020595703125,0.13125447398765946,0.13031182890185103
0.000020625,0.13124783060075518,0.13031282540988667
0.000020654296875,0.13124124134096554,0.13031381379885512
0.00002068359375,0.13123470577270385,0.13031479413409439
0.000020712890625,0.13122822346038338,0.13031576648094245
0.0000207421875,0.13122179396841743,0.13031673090473733
0.000020771484375,0.1312154168612193,0.13031768747081707
0.00002080078125,0.1312090917032023,0.13031863624451961
0.000020830078125,0.13120281805877973,0.13031957729118301
0.000020859375,0.13119659549236484,0.13032051067614522
0.000020888671875,0.131190423568371,0.1303214364647443
0.00002091796875,0.13118430185121147,0.13032235472231823
0.000020947265625,0.1311782299052995,0.13032326551420503
0.0000209765625,0.1311722072950485,0.1303241689057427
0.000021005859375,0.13116623358487164,0.1303250649622692
0.00002103515625,0.13116030833918232,0.13032595374912262
0.000021064453125,0.13115443112239378,0.13032683533164088
0.00002109375,0.13114860149891933,0.13032770977516206
0.000021123046875,0.13114281903317226,0.1303285771450241
0.00002115234375,0.13113708330647147,0.13032943750402923
0.000021181640625,0.13113139398143284,0.13033029090278503
0.0000212109375,0.13112575072016558,0.13033113739197513
0.000021240234375,0.1311201531825003,0.13033197702262492
0.00002126953125,0.1311146010282676,0.13033280984575982
0.000021298828125,0.13110909391729814,0.13033363591240524
0.000021328125,0.13110363150942245,0.13033445527358659
0.000021357421875,0.1310982134644712,0.13033526798032927
0.00002138671875,0.13109283944227498,0.13033607408365872
0.000021416015625,0.13108750910266442,0.13033687363460028
0.0000214453125,0.13108222210547013,0.13033766668417943
0.000021474609375,0.1310769781105227,0.13033845328342156
0.00002150390625,0.13107177677765278,0.13033923348335205
0.000021533203125,0.13106661776669093,0.13034000733499632
0.0000215625,0.13106150073746778,0.13034077488937978
0.000021591796875,0.131056425349814,0.13034153619752786
0.00002162109375,0.1310513912635601,0.13034229131046593
0.000021650390625,0.13104639813853677,0.13034304027921945
0.0000216796875,0.13104144563457462,0.13034378315481376
0.000021708984375,0.13103653341150423,0.13034451998827432
0.00002173828125,0.1310316611291562,0.13034525083062654
0.000021767578125,0.1310268284473612,0.13034597573289577
0.000021796875,0.13102203502594978,0.1303466947461075
0.000021826171875,0.1310172805247526,0.13034740792128707
0.00002185546875,0.13101256460360022,0.13034811530945992
0.000021884765625,0.1310078869223233,0.13034881696165146
0.0000219140625,0.13100324714075245,0.13034951292888708
0.000021943359375,0.13099864491871824,0.1303502032621922
0.00002197265625,0.13099407991605133,0.13035088801259226
0.000022001953125,0.13098955179258231,0.1303515672311126
0.00002203125,0.13098506023024628,0.13035224096546302
0.000022060546875,0.13098060496705904,0.13035290925494109
0.00002208984375,0.13097618573752515,0.13035357213937118
0.000022119140625,0.13097180227593236,0.1303542296586101
0.0000221484375,0.13096745431656842,0.1303548818525147
0.000022177734375,0.13096314159372116,0.13035552876094178
0.00002220703125,0.1309588638416783,0.1303561704237482
0.000022236328125,0.13095462079472764,0.13035680688079082
0.000022265625,0.13095041218715694,0.1303574381719264
0.000022294921875,0.13094623775325398,0.13035806433701186
0.00002232421875,0.13094209722730651,0.13035868541590398
0.000022353515625,0.13093799034360235,0.13035930144845959
0.0000223828125,0.13093391683642921,0.13035991247453557
0.000022412109375,0.13092987644007492,0.13036051853398872
0.00002244140625,0.13092586888882723,0.13036111966667585
0.000022470703125,0.13092189391697392,0.13036171591245385
0.0000225,0.13091795125880273,0.13036230731117954
0.000022529296875,0.1309140406486015,0.13036289390270972
0.00002255859375,0.1309101618206579,0.13036347572690127
0.000022587890625,0.1309063145092598,0.13036405282361097
0.0000226171875,0.13090249844869492,0.1303646252326957
0.000022646484375,0.13089871337325104,0.13036519299401228
0.00002267578125,0.13089495901721593,0.13036575614741755
0.000022705078125,0.1308912351148774,0.13036631473276833
0.000022734375,0.13088754140052317,0.13036686878992146
0.000022763671875,0.13088387760844106,0.13036741835873378
0.00002279296875,0.1308802434729188,0.13036796347906213
0.000022822265625,0.13087663872824418,0.13036850419076332
0.0000228515625,0.13087306310870497,0.1303690405336942
0.000022880859375,0.13086951634868998,0.13036957254769643
0.00002291015625,0.13086599820758438,0.13037010026886228
0.000022939453125,0.13086250847903474,0.13037062372814473
0.00002296875,0.1308590469550232,0.13037114295674646
0.000022998046875,0.13085561342753185,0.13037165798587017
0.00002302734375,0.13085220768854275,0.1303721688467185
0.000023056640625,0.13084882953003804,0.13037267557049423
0.0000230859375,0.13084547874399977,0.13037317818839997
0.000023115234375,0.13084215512241007,0.13037367673163844
0.00002314453125,0.130838858457251,0.1303741712314123
0.000023173828125,0.13083558854050467,0.13037466171892423
0.000023203125,0.1308323451641532,0.13037514822537696
0.000023232421875,0.13082912812017863,0.13037563078197315
0.00002326171875,0.13082593720056312,0.13037610941991548
0.000023291015625,0.1308227721972887,0.13037658417040662
0.0000233203125,0.1308196329023375,0.1303770550646493
0.000023349609375,0.13081651910769163,0.1303775221338462
0.00002337890625,0.13081343060533313,0.13037798540919998
0.000023408203125,0.13081036718724412,0.13037844492191333
0.0000234375,0.13080732864540673,0.13037890070318894
0.000023466796875,0.130804314771803,0.1303793527842295
0.00002349609375,0.13080132535841504,0.13037980119623768
0.000023525390625,0.130798360197225,0.1303802459704162
0.0000235546875,0.13079541908021486,0.13038068713796772
0.000023583984375,0.13079250179936683,0.13038112473009492
0.00002361328125,0.13078960814666293,0.1303815587780005
0.000023642578125,0.13078673791408527,0.13038198931288714
0.000023671875,0.13078389089361597,0.13038241636595754
0.000023701171875,0.1307810668772371,0.13038283996841438
0.00002373046875,0.13077826565693076,0.13038326015146032
0.000023759765625,0.13077548702563022,0.1303836769461554
0.0000237890625,0.13077273080281418,0.13038409037957782
0.000023818359375,0.1307699968269427,0.13038450047595854
0.00002384765625,0.13076728493509449,0.13038490725973576
0.000023876953125,0.13076459496434814,0.1303853107553477
0.00002390625,0.1307619267517824,0.1303857109872326
0.000023935546875,0.1307592801344759,0.13038610797982855
0.00002396484375,0.13075665494950733,0.13038650175757382
0.000023994140625,0.13075405103395538,0.13038689234490664
0.0000240234375,0.1307514682248987,0.13038727976626513
0.000024052734375,0.13074890635941594,0.13038766404608754
0.00002408203125,0.13074636527458583,0.13038804520881206
0.000024111328125,0.130743844807487,0.1303884232788769
0.000024140625,0.13074134479519814,0.13038879828072023
0.000024169921875,0.13073886507479793,0.13038917023878024
0.00002419921875,0.13073640548336504,0.13038953917749518
0.000024228515625,0.13073396585797814,0.13038990512130322
0.0000242578125,0.1307315460357159,0.13039026809464255
0.000024287109375,0.130729145853657,0.13039062812195137
0.00002431640625,0.13072676514888013,0.1303909852276679
0.000024345703125,0.13072440375846392,0.13039133943623035
0.000024375,0.13072206151948706,0.13039169077207688
0.000024404296875,0.13071973826902825,0.13039203925964568
0.00002443359375,0.13071743384416615,0.13039238492337502
0.000024462890625,0.13071514808197943,0.130392727787703
0.0000244921875,0.13071288081954674,0.13039306787706792
0.000024521484375,0.1307106318939468,0.1303934052159079
0.00002455078125,0.13070840114225823,0.13039373982866118
0.000024580078125,0.13070618840155976,0.13039407173976597
0.000024609375,0.13070399350893003,0.13039440097366042
0.000024638671875,0.13070181630385652,0.13039472755442144
0.00002466796875,0.13069965665059594,0.13039505150241054
0.000024697265625,0.13069751442224978,0.13039537283666244
0.0000247265625,0.13069538949114023,0.13039569157632888
0.000024755859375,0.13069328172958944,0.1303960077405615
0.00002478515625,0.13069119100991958,0.13039632134851198
0.000024814453125,0.1306891172044528,0.130396632419332
0.00002484375,0.13068706018551127,0.13039694097217322
0.000024873046875,0.1306850198254172,0.13039724702618735
0.00002490234375,0.13068299599649266,0.13039755060052602
0.000024931640625,0.1306809885710599,0.13039785171434093
0.0000249609375,0.13067899742144104,0.13039815038678376
0.000024990234375,0.13067702241995824,0.13039844663700617
0.00002501953125,0.1306750634389337,0.13039874048415986
0.000025048828125,0.13067312035068956,0.1303990319473965
0.000025078125,0.13067119302754798,0.1303993210458677
0.000025107421875,0.13066928134183112,0.13039960779872525
0.00002513671875,0.13066738516586118,0.13039989222512074
0.000025166015625,0.13066550437196028,0.13040017434420587
0.0000251953125,0.1306636388324506,0.13040045417513232
0.000025224609375,0.1306617884196543,0.13040073173705177
0.00002525390625,0.1306599530058936,0.13040100704911586
0.000025283203125,0.13065813246349056,0.13040128013047633
0.0000253125,0.13065632666476742,0.1304015510002848
0.000025341796875,0.1306545354820463,0.13040181967769296
0.00002537109375,0.13065275878764943,0.1304020861818525
0.000025400390625,0.1306509964538989,0.13040235053191507
0.0000254296875,0.1306492483531169,0.13040261274703238
0.000025458984375,0.13064751435762562,0.13040287284635607
0.00002548828125,0.13064579433974718,0.13040313084903785
0.000025517578125,0.13064408817610335,0.1304033867735844
0.000025546875,0.1306423957641664,0.13040364063537496
0.000025576171875,0.13064071700407243,0.13040389244938905
0.00002560546875,0.13063905179567745,0.13040414223064828
0.000025634765625,0.1306374000388375,0.13040438999417428
0.0000256640625,0.1306357616334086,0.13040463575498862
0.000025693359375,0.13063413647924674,0.1304048795281129
0.00002572265625,0.13063252447620796,0.1304051213285687
0.000025751953125,0.13063092552414826,0.13040536117137766
0.00002578125,0.13062933952292366,0.13040559907156135
0.000025810546875,0.13062776637239015,0.13040583504414138
0.00002583984375,0.1306262059724038,0.13040606910413932
0.000025869140625,0.13062465822282057,0.13040630126657682
0.0000258984375,0.13062312302349652,0.1304065315464754
0.000025927734375,0.13062160027428762,0.13040675995885675
0.00002595703125,0.13062008987504992,0.1304069865187424
0.000025986328125,0.13061859172563942,0.13040721124115398
0.000026015625,0.13061710572591215,0.13040743414111308
0.000026044921875,0.1306156317757241,0.13040765523364128
0.00002607421875,0.1306141697749313,0.1304078745337602
0.000026103515625,0.13061271962338977,0.13040809205649143
0.0000261328125,0.1306112812209555,0.13040830781685658
0.000026162109375,0.13060985446748455,0.13040852182987722
0.00002619140625,0.1306084392628329,0.13040873411057496
0.000026220703125,0.13060703550685657,0.1304089446739714
0.00002625,0.13060564309941158,0.13040915353508817
0.000026279296875,0.13060426194035393,0.1304093607089468
0.00002630859375,0.13060289192953967,0.13040956621056896
0.000026337890625,0.1306015329668248,0.13040977005497617
0.0000263671875,0.13060018495206532,0.1304099722571901
0.000026396484375,0.1305988477821597,0.13041017283267595
0.00002642578125,0.13059752136778147,0.13041037179483267
0.000026455078125,0.13059620563228272,0.13041056915515747
0.000026484375,0.13059490049904882,0.13041076492514256
0.000026513671875,0.13059360589146515,0.13041095911628012
0.00002654296875,0.13059232173291715,0.13041115174006232
0.000026572265625,0.1305910479467902,0.13041134280798136
0.0000266015625,0.13058978445646965,0.13041153233152944
0.000026630859375,0.13058853118534094,0.13041172032219875
0.00002666015625,0.13058728805678943,0.13041190679148149
0.000026689453125,0.1305860549942005,0.13041209175086982
0.00002671875,0.13058483192095957,0.13041227521185597
0.000026748046875,0.13058361876045202,0.13041245718593208
0.00002677734375,0.13058241543606322,0.1304126376845904
0.000026806640625,0.1305812218711786,0.13041281671932312
0.0000268359375,0.13058003798918352,0.13041299430162237
0.000026865234375,0.13057886371346342,0.1304131704429804
0.00002689453125,0.13057769896740362,0.13041334515488937
0.000026923828125,0.13057654367438953,0.13041351844884147
0.000026953125,0.13057539775780658,0.1304136903363289
0.000026982421875,0.13057426114104012,0.13041386082884387
0.00002701171875,0.13057313374747556,0.13041402993787857
0.000027041015625,0.1305720155004983,0.13041419767492515
0.0000270703125,0.13057090632349372,0.13041436405147583
0.000027099609375,0.1305698061398472,0.13041452907902282
0.00002712890625,0.13056871487294414,0.1304146927690583
0.000027158203125,0.13056763244616992,0.1304148551330744
0.0000271875,0.13056655878290993,0.1304150161825634
0.000027216796875,0.1305654938065496,0.13041517592901747
0.00002724609375,0.13056443744047427,0.13041533438392874
0.000027275390625,0.13056338960806937,0.13041549155878948
0.0000273046875,0.13056235023272028,0.13041564746509185
0.000027333984375,0.13056131923781236,0.13041580211432804
0.00002736328125,0.13056029654673104,0.13041595551799023
0.000027392578125,0.1305592820828617,0.13041610768757064
0.000027421875,0.13055827577116022,0.13041625863432588
0.000027451171875,0.13055727755282326,0.1304164083670764
0.00002748046875,0.13055628737131914,0.13041655689430204
0.000027509765625,0.13055530516886218,0.13041670422467058
0.0000275390625,0.1305543308876669,0.13041685036684986
0.000027568359375,0.13055336446994767,0.13041699532950776
0.00002759765625,0.13055240585791886,0.13041713912131206
0.000027626953125,0.13055145499379497,0.13041728175093065
0.00002765625,0.13055051181979035,0.13041742322703134
0.000027685546875,0.13054957627811944,0.130417563558282
0.00002771484375,0.13054864831099663,0.1304177027533504
0.000027744140625,0.1305477278606364,0.13041784082090443
0.0000277734375,0.1305468148692531,0.13041797776961195
0.000027802734375,0.13054590927906115,0.13041811360814073
0.00002783203125,0.130545011032275,0.13041824834515864
0.000027861328125,0.13054412007110905,0.13041838198933353
0.000027890625,0.1305432363377777,0.13041851454933326
0.000027919921875,0.13054235977449535,0.13041864603382558
0.00002794921875,0.13054149032347648,0.13041877645147842
0.000027978515625,0.13054062792693544,0.13041890581095958
0.0000280078125,0.13053977252708668,0.1304190341209369
0.000028037109375,0.13053892406614462,0.1304191613900782
0.00002806640625,0.13053808248632365,0.13041928762705135
0.000028095703125,0.13053724772983819,0.13041941284052416
0.000028125,0.13053641973890265,0.1304195370391645
0.000028154296875,0.13053559845573146,0.13041966023164017
0.00002818359375,0.13053478382253902,0.13041978242661906
0.000028212890625,0.13053397578153977,0.13041990363276892
0.0000282421875,0.1305331742749481,0.13042002385875767
0.000028271484375,0.13053237924497843,0.13042014311325315
0.00002830078125,0.13053159063384517,0.13042026140492313
0.000028330078125,0.13053080838376277,0.13042037874243548
0.000028359375,0.1305300324369456,0.13042049513445805
0.000028388671875,0.1305292627356081,0.13042061058965868
0.00002841796875,0.1305284992219647,0.1304207251167052
0.000028447265625,0.13052774183822974,0.13042083872426544
0.0000284765625,0.13052699054316183,0.1304209514185256
0.000028505859375,0.13052624530499224,0.13042106320425106
0.00002853515625,0.1305255060789846,0.1304211740881522
0.000028564453125,0.13052477282039998,0.1304212840769399
0.00002859375,0.1305240454844994,0.13042139317732498
0.000028623046875,0.13052332402654393,0.1304215013960183
0.00002865234375,0.13052260840179464,0.1304216087397307
0.000028681640625,0.13052189856551255,0.130421715215173
0.0000287109375,0.1305211944729587,0.1304218208290561
0.000028740234375,0.1305204960793942,0.13042192558809076
0.00002876953125,0.13051980334008004,0.1304220294989879
0.000028798828125,0.1305191162102773,0.1304221325684583
0.000028828125,0.130518434645247,0.13042223480321286
0.000028857421875,0.13051775860025025,0.13042233620996235
0.00002888671875,0.13051708803054804,0.13042243679541768
0.000028916015625,0.13051642289140147,0.1304225365662897
0.0000289453125,0.13051576313807153,0.13042263552928918
0.000028974609375,0.13051510872581934,0.130422733691127
0.00002900390625,0.1305144596099059,0.13042283105851402
0.000029033203125,0.1305138157455923,0.13042292763816105
0.0000290625,0.13051317708813956,0.13042302343677897
0.000029091796875,0.13051254359280873,0.1304231184610786
0.00002912109375,0.13051191521486089,0.13042321271777077
0.000029150390625,0.13051129190955704,0.13042330621356635
0.0000291796875,0.1305106736321583,0.13042339895517616
0.000029208984375,0.13051006033792564,0.13042349094931105
0.00002923828125,0.13050945198297345,0.13042358220255387
0.000029267578125,0.13050884853101397,0.1304236727203478
0.000029296875,0.13050824994643234,0.13042376250803506
0.000029326171875,0.13050765619308166,0.13042385157103764
0.00002935546875,0.13050706723481503,0.13042393991477763
0.000029384765625,0.13050648303548557,0.13042402754467705
0.0000294140625,0.13050590355894628,0.13042411446615795
0.000029443359375,0.13050532876905033,0.13042420068464233
0.00002947265625,0.13050475862965077,0.13042428620555227
0.000029501953125,0.1305041931046007,0.1304243710343098
0.00002953125,0.13050363215775324,0.1304244551763369
0.000029560546875,0.1305030757529614,0.1304245386370557
0.00002958984375,0.13050252385407834,0.13042462142188815
0.000029619140625,0.13050197642495712,0.13042470353625632
0.0000296484375,0.1305014334294508,0.13042478498558227
0.000029677734375,0.13050089483141253,0.13042486577528803
0.00002970703125,0.13050036059469536,0.1304249459107956
0.000029736328125,0.13049983068315238,0.13042502539752704
0.000029765625,0.1304993050606367,0.1304251042409044
0.000029794921875,0.1304987836910014,0.13042518244634968
0.00002982421875,0.13049826653809954,0.13042526001928498
0.000029853515625,0.13049775356578425,0.13042533696513225
0.0000298828125,0.13049724473790858,0.13042541328931362
0.000029912109375,0.13049674001832565,0.13042548899725104
0.00002994140625,0.13049623937088853,0.13042556409436662
0.000029970703125,0.1304957427594503,0.13042563858608236
0.00003,0.1304952501478641,0.13042571247782028
